Table 1a: All settlements by locality and council area (sorted alphabetically by settlement),,,,,,
,,,,,,
"Settlement name1, 2",Settlement code,Locality name1,Locality code,Council area name,Council area code,
Aberchirder,S20001019,Aberchirder,S19001273,Aberdeenshire,S12000034,
"Aberdeen, Settlement of",S20001020,Aberdeen,S19001274,Aberdeen City,S12000033,
"Aberdeen, Settlement of",S20001020,Cove Bay,S19001425,Aberdeen City,S12000033,
"Aberdeen, Settlement of",S20001020,Dyce,S19001490,Aberdeen City,S12000033,
Aberdour,S20001021,Aberdour,S19001275,Fife,S12000015,
Aberfeldy,S20001022,Aberfeldy,S19001276,Perth and Kinross,S12000024,
Aberfoyle,S20001023,Aberfoyle,S19001277,Stirling,S12000030,
Aberlady,S20001024,Aberlady,S19001278,East Lothian,S12000010,
Aberlour,S20001025,Aberlour,S19001279,Moray,S12000020,
Abernethy,S20001026,Abernethy,S19001280,Perth and Kinross,S12000024,
Aboyne,S20001027,Aboyne,S19001281,Aberdeenshire,S12000034,
Airth,S20001028,Airth,S19001284,Falkirk,S12000014,
Alford,S20001029,Alford,S19001286,Aberdeenshire,S12000034,
Allanton,S20001030,Allanton,S19001287,North Lanarkshire,S12000044,
"Alloa, Settlement of",S20001031,Alloa,S19001288,Clackmannanshire,S12000005,
"Alloa, Settlement of",S20001031,Sauchie,S19001827,Clackmannanshire,S12000005,
Almondbank,S20001032,Almondbank,S19001289,Perth and Kinross,S12000024,
Alness,S20001033,Alness,S19001290,Highland,S12000017,
Alva,S20001034,Alva,S19001291,Clackmannanshire,S12000005,
Alyth,S20001035,Alyth,S19001292,Perth and Kinross,S12000024,
Ancrum,S20001036,Ancrum,S19001293,Scottish Borders,S12000026,
Annan,S20001037,Annan,S19001294,Dumfries and Galloway,S12000006,
Annbank,S20001038,Annbank,S19001295,South Ayrshire,S12000028,
Anstruther and Pittenweem,S20001039,Anstruther,S19001296,Fife,S12000015,
Anstruther and Pittenweem,S20001039,Pittenweem,S19001782,Fife,S12000015,
Arbroath,S20001040,Arbroath,S19001297,Angus,S12000041,
Ardersier,S20001041,Ardersier,S19001298,Highland,S12000017,
Ardrishaig,S20001042,Ardrishaig,S19001299,Argyll and Bute,S12000035,
Armadale,S20001043,Armadale,S19001301,West Lothian,S12000040,
Auchenblae,S20001044,Auchenblae,S19001303,Aberdeenshire,S12000034,
Auchinleck,S20001045,Auchinleck,S19001304,East Ayrshire,S12000008,
Auchinloch,S20001046,Auchinloch,S19001305,North Lanarkshire,S12000044,
Auchterarder,S20001047,Auchterarder,S19001306,Perth and Kinross,S12000024,
Auchtermuchty,S20001048,Auchtermuchty,S19001307,Fife,S12000015,
Auldearn,S20001049,Auldearn,S19001308,Highland,S12000017,
Aviemore,S20001050,Aviemore,S19001309,Highland,S12000017,
Avoch,S20001051,Avoch,S19001310,Highland,S12000017,
Avonbridge,S20001052,Avonbridge,S19001311,Falkirk,S12000014,
"Ayr, Settlement of",S20001053,Ayr,S19001312,South Ayrshire,S12000028,
"Ayr, Settlement of",S20001053,Monkton,S19001722,South Ayrshire,S12000028,
"Ayr, Settlement of",S20001053,Prestwick,S19001798,South Ayrshire,S12000028,
Ayton,S20001054,Ayton,S19001313,Scottish Borders,S12000026,
Baile a'Mhanaich (Balivanich),S20001055,Baile a'Mhanaich (Balivanich),S19001314,Na h-Eileanan Siar,S12000013,
Balfron,S20001056,Balfron,S19001315,Stirling,S12000030,
Balintore,S20001057,Balintore,S19001316,Highland,S12000017,
Ballachulish,S20001058,Ballachulish,S19001317,Highland,S12000017,
Ballater,S20001059,Ballater,S19001318,Aberdeenshire,S12000034,
"Ballingry, Lochore and Crosshill",S20001060,"Ballingry, Lochore and Crosshill",S19001319,Fife,S12000015,
Balmedie,S20001061,Balmedie,S19001322,Aberdeenshire,S12000034,
Balmullo,S20001062,Balmullo,S19001323,Fife,S12000015,
Banchory,S20001063,Banchory,S19001325,Aberdeenshire,S12000034,
Banff,S20001064,Banff,S19001326,Aberdeenshire,S12000034,
Bankfoot,S20001065,Bankfoot,S19001327,Perth and Kinross,S12000024,
Barrhead,S20001066,Barrhead,S19001331,East Renfrewshire,S12000011,
"Bathgate, Settlement of",S20001067,Bathgate,S19001332,West Lothian,S12000040,
"Bathgate, Settlement of",S20001067,Blackburn (West Lothian),S19001344,West Lothian,S12000040,
Beauly,S20001068,Beauly,S19001334,Highland,S12000017,
Beith,S20001069,Beith,S19001335,North Ayrshire,S12000021,
Bellsbank,S20001070,Bellsbank,S19001336,East Ayrshire,S12000008,
Biggar,S20001071,Biggar,S19001338,South Lanarkshire,S12000029,
Birkhill and Muirhead,S20001072,Birkhill and Muirhead,S19001340,Angus,S12000041,
Bishopton,S20001073,Bishopton,S19001342,Renfrewshire,S12000038,
Blackburn (Aberdeenshire),S20001074,Blackburn (Aberdeenshire),S19001343,Aberdeenshire,S12000034,
Blackford,S20001075,Blackford,S19001345,Perth and Kinross,S12000024,
Blackridge,S20001076,Blackridge,S19001346,West Lothian,S12000040,
Blairgowrie,S20001077,Blairgowrie,S19001347,Perth and Kinross,S12000024,
Blairhall,S20001078,Blairhall,S19001348,Fife,S12000015,
Bo'ness,S20001080,Bo'ness,S19001351,Falkirk,S12000014,
Boddam,S20001079,Boddam,S19001350,Aberdeenshire,S12000034,
"Bonnybridge, Settlement of",S20001081,Banknock,S19001328,Falkirk,S12000014,
"Bonnybridge, Settlement of",S20001081,Bonnybridge,S19001353,Falkirk,S12000014,
"Bonnybridge, Settlement of",S20001081,Denny,S19001460,Falkirk,S12000014,
"Bonnybridge, Settlement of",S20001081,Dennyloanhead,S19001461,Falkirk,S12000014,
"Bonnybridge, Settlement of",S20001081,Dunipace,S19001483,Falkirk,S12000014,
"Bonnybridge, Settlement of",S20001081,Greenhill,S19001565,Falkirk,S12000014,
"Bonnybridge, Settlement of",S20001081,Haggs and Longcroft,S19001572,Falkirk,S12000014,
"Bonnybridge, Settlement of",S20001081,Head of Muir,S19001579,Falkirk,S12000014,
"Bonnybridge, Settlement of",S20001081,High Bonnybridge,S19001581,Falkirk,S12000014,
"Bonnyrigg, Dalkeith and Gorebridge",S20001082,Bonnyrigg,S19001354,Midlothian,S12000019,
"Bonnyrigg, Dalkeith and Gorebridge",S20001082,Dalkeith,S19001451,Midlothian,S12000019,
"Bonnyrigg, Dalkeith and Gorebridge",S20001082,Gorebridge,S19001558,Midlothian,S12000019,
"Bonnyrigg, Dalkeith and Gorebridge",S20001082,Mayfield,S19001703,Midlothian,S12000019,
"Bonnyrigg, Dalkeith and Gorebridge",S20001082,Newbattle,S19001745,Midlothian,S12000019,
Bowmore,S20001083,Bowmore,S19001357,Argyll and Bute,S12000035,
Braco,S20001084,Braco,S19001358,Perth and Kinross,S12000024,
Brae,S20001085,Brae,S19001359,Shetland Islands,S12000027,
Brechin,S20001086,Brechin,S19001361,Angus,S12000041,
Bridge of Earn,S20001087,Bridge of Earn,S19001363,Perth and Kinross,S12000024,
Bridge of Weir,S20001088,Bridge of Weir,S19001364,Renfrewshire,S12000038,
Bridgend,S20001089,Bridgend,S19001365,West Lothian,S12000040,
Broadford,S20001090,Broadford,S19001367,Highland,S12000017,
Brodick,S20001091,Brodick,S19001368,North Ayrshire,S12000021,
Brookfield,S20001092,Brookfield,S19001369,Renfrewshire,S12000038,
Brora,S20001093,Brora,S19001370,Highland,S12000017,
Broxburn,S20001094,Broxburn,S19001371,West Lothian,S12000040,
Buchlyvie,S20001095,Buchlyvie,S19001372,Stirling,S12000030,
Buckie,S20001096,Buckie,S19001374,Moray,S12000020,
Burghead,S20001097,Burghead,S19001375,Moray,S12000020,
Burntisland,S20001098,Burntisland,S19001376,Fife,S12000015,
Burrelton,S20001099,Burrelton,S19001377,Perth and Kinross,S12000024,
Cairneyhill,S20001100,Cairneyhill,S19001379,Fife,S12000015,
Calderbank,S20001101,Calderbank,S19001380,North Lanarkshire,S12000044,
Caldercruix,S20001102,Caldercruix,S19001381,North Lanarkshire,S12000044,
California,S20001103,California,S19001382,Falkirk,S12000014,
Callander,S20001104,Callander,S19001383,Stirling,S12000030,
Campbeltown,S20001105,Campbeltown,S19001385,Argyll and Bute,S12000035,
Cardenden and Auchterderran,S20001106,Cardenden and Auchterderran,S19001387,Fife,S12000015,
Cardrona,S20001107,Cardrona,S19001388,Scottish Borders,S12000026,
Cardross,S20001108,Cardross,S19001389,Argyll and Bute,S12000035,
"Carluke, Settlement of",S20001109,Braidwood,S19001360,South Lanarkshire,S12000029,
"Carluke, Settlement of",S20001109,Carluke,S19001392,South Lanarkshire,S12000029,
Carmunnock,S20001110,Carmunnock,S19001393,Glasgow City,S12000046,
Carnoustie,S20001111,Carnoustie,S19001395,Angus,S12000041,
Carnwath,S20001112,Carnwath,S19001396,South Lanarkshire,S12000029,
Carstairs,S20001113,Carstairs,S19001399,South Lanarkshire,S12000029,
Carstairs Junction,S20001114,Carstairs Junction,S19001400,South Lanarkshire,S12000029,
Castle Douglas,S20001115,Castle Douglas,S19001401,Dumfries and Galloway,S12000006,
Castletown,S20001116,Castletown,S19001402,Highland,S12000017,
Catrine,S20001117,Catrine,S19001403,East Ayrshire,S12000008,
Ceres,S20001118,Ceres,S19001404,Fife,S12000015,
Chapelton,S20001119,Chapelton,S19001406,South Lanarkshire,S12000029,
Chirnside,S20001120,Chirnside,S19001407,Scottish Borders,S12000026,
"Chryston, Settlement of",S20001121,Chryston,S19001408,North Lanarkshire,S12000044,
"Chryston, Settlement of",S20001121,Muirhead,S19001730,North Lanarkshire,S12000044,
Clackmannan,S20001122,Clackmannan,S19001409,Clackmannanshire,S12000005,
Cleland,S20001123,Cleland,S19001411,North Lanarkshire,S12000044,
Coalburn,S20001124,Coalburn,S19001413,South Lanarkshire,S12000029,
Coaltown of Wemyss,S20001125,Coaltown of Wemyss,S19001416,Fife,S12000015,
Coatbridge and Airdrie,S20001126,Airdrie,S19001283,North Lanarkshire,S12000044,
Coatbridge and Airdrie,S20001126,Bargeddie,S19001330,North Lanarkshire,S12000044,
Coatbridge and Airdrie,S20001126,Chapelhall,S19001405,North Lanarkshire,S12000044,
Coatbridge and Airdrie,S20001126,Coatbridge,S19001417,North Lanarkshire,S12000044,
Cockenzie,S20001127,Cockenzie,S19001418,East Lothian,S12000010,
Coldingham,S20001128,Coldingham,S19001419,Scottish Borders,S12000026,
Coldstream,S20001129,Coldstream,S19001420,Scottish Borders,S12000026,
Comrie (Perth and Kinross),S20001130,Comrie (Perth and Kinross),S19001422,Perth and Kinross,S12000024,
Conon Bridge and Maryburgh,S20001131,Conon Bridge,S19001423,Highland,S12000017,
Conon Bridge and Maryburgh,S20001131,Maryburgh,S19001698,Highland,S12000017,
Coupar Angus,S20001132,Coupar Angus,S19001424,Perth and Kinross,S12000024,
"Cowdenbeath, Lochgelly and Lumphinnans",S20001133,Cowdenbeath and Lumphinnans,S19001426,Fife,S12000015,
"Cowdenbeath, Lochgelly and Lumphinnans",S20001133,Lochgelly,S19001679,Fife,S12000015,
Cowie,S20001134,Cowie,S19001427,Stirling,S12000030,
Coylton,S20001135,Coylton,S19001428,South Ayrshire,S12000028,
Crail,S20001136,Crail,S19001429,Fife,S12000015,
Creetown,S20001137,Creetown,S19001430,Dumfries and Galloway,S12000006,
Crieff,S20001138,Crieff,S19001431,Perth and Kinross,S12000024,
Crimond,S20001139,Crimond,S19001432,Aberdeenshire,S12000034,
Cromarty,S20001140,Cromarty,S19001433,Highland,S12000017,
Crook of Devon,S20001141,Crook of Devon,S19001434,Perth and Kinross,S12000024,
Crossford (Fife),S20001142,Crossford (Fife),S19001435,Fife,S12000015,
Crossford (South Lanarkshire),S20001143,Crossford (South Lanarkshire),S19001436,South Lanarkshire,S12000029,
Crosshill,S20001144,Crosshill,S19001438,South Ayrshire,S12000028,
Crosshouse,S20001145,Crosshouse,S19001439,East Ayrshire,S12000008,
Croy,S20001146,Croy,S19001440,North Lanarkshire,S12000044,
Cruden Bay,S20001147,Cruden Bay,S19001441,Aberdeenshire,S12000034,
Cullen,S20001148,Cullen,S19001442,Moray,S12000020,
Cumbernauld,S20001149,Cumbernauld,S19001444,North Lanarkshire,S12000044,
Cuminestown,S20001150,Cuminestown,S19001445,Aberdeenshire,S12000034,
Cumnock,S20001151,Cumnock,S19001446,East Ayrshire,S12000008,
Cupar,S20001152,Cupar,S19001447,Fife,S12000015,
Dailly,S20001153,Dailly,S19001448,South Ayrshire,S12000028,
Dalbeattie,S20001154,Dalbeattie,S19001449,Dumfries and Galloway,S12000006,
Dalgety Bay,S20001155,Dalgety Bay,S19001450,Fife,S12000015,
Dalmellington,S20001156,Dalmellington,S19001452,East Ayrshire,S12000008,
Dalry,S20001157,Dalry,S19001453,North Ayrshire,S12000021,
Dalrymple,S20001158,Dalrymple,S19001454,East Ayrshire,S12000008,
Danderhall,S20001159,Danderhall,S19001455,Midlothian,S12000019,
Darnick,S20001160,Darnick,S19001456,Scottish Borders,S12000026,
Darvel,S20001161,Darvel,S19001457,East Ayrshire,S12000008,
Dechmont,S20001162,Dechmont,S19001458,West Lothian,S12000040,
Denholm,S20001163,Denholm,S19001459,Scottish Borders,S12000026,
Dingwall,S20001164,Dingwall,S19001462,Highland,S12000017,
Dirleton,S20001165,Dirleton,S19001463,East Lothian,S12000010,
Dollar,S20001166,Dollar,S19001464,Clackmannanshire,S12000005,
Dornoch,S20001167,Dornoch,S19001465,Highland,S12000017,
Douglas,S20001168,Douglas,S19001466,South Lanarkshire,S12000029,
Doune,S20001169,Doune,S19001467,Stirling,S12000030,
Drongan,S20001170,Drongan,S19001469,East Ayrshire,S12000008,
Drumnadrochit,S20001171,Drumnadrochit,S19001470,Highland,S12000017,
Drumoak,S20001172,Drumoak,S19001471,Aberdeenshire,S12000034,
Drymen,S20001173,Drymen,S19001472,Stirling,S12000030,
Dufftown,S20001174,Dufftown,S19001473,Moray,S12000020,
Dullatur,S20001175,Dullatur,S19001474,North Lanarkshire,S12000044,
"Dumbarton, Settlement of",S20001176,Dumbarton,S19001475,West Dunbartonshire,S12000039,
"Dumbarton, Settlement of",S20001176,Milton,S19001714,West Dunbartonshire,S12000039,
"Dumfries, Settlement of",S20001177,Cargenbridge,S19001391,Dumfries and Galloway,S12000006,
"Dumfries, Settlement of",S20001177,Dumfries,S19001476,Dumfries and Galloway,S12000006,
Dunbar,S20001178,Dunbar,S19001477,East Lothian,S12000010,
Dunbeg,S20001179,Dunbeg,S19001478,Argyll and Bute,S12000035,
Dunblane,S20001180,Dunblane,S19001479,Stirling,S12000030,
"Dundee, Settlement of (part)",S20001181,Dundee (part),S19001480,Angus,S12000041,
"Dundee, Settlement of (part)",S20001181,Dundee (part),S19001480,Dundee City,S12000042,
"Dundee, Settlement of (part)",S20001181,Invergowrie,S19001600,Perth and Kinross,S12000024,
"Dundee, Settlement of (part)",S20001181,Monifieth,S19001721,Angus,S12000041,
Dundonald,S20001182,Dundonald,S19001481,South Ayrshire,S12000028,
"Dunfermline, Settlement of",S20001183,Crossgates,S19001437,Fife,S12000015,
"Dunfermline, Settlement of",S20001183,Dunfermline,S19001482,Fife,S12000015,
"Dunfermline, Settlement of",S20001183,Inverkeithing,S19001601,Fife,S12000015,
"Dunfermline, Settlement of",S20001183,Rosyth,S19001814,Fife,S12000015,
Dunkeld and Birnam,S20001184,Dunkeld and Birnam,S19001484,Perth and Kinross,S12000024,
Dunlop,S20001185,Dunlop,S19001485,East Ayrshire,S12000008,
Dunning,S20001186,Dunning,S19001486,Perth and Kinross,S12000024,
"Dunoon, Settlement of",S20001187,Dunoon,S19001487,Argyll and Bute,S12000035,
"Dunoon, Settlement of",S20001187,Sandbank,S19001823,Argyll and Bute,S12000035,
Duns,S20001188,Duns,S19001488,Scottish Borders,S12000026,
Eaglesfield,S20001189,Eaglesfield,S19001491,Dumfries and Galloway,S12000006,
Eaglesham,S20001190,Eaglesham,S19001492,East Renfrewshire,S12000011,
Earlston,S20001191,Earlston,S19001493,Scottish Borders,S12000026,
East Calder,S20001192,East Calder,S19001494,West Lothian,S12000040,
East Kilbride,S20001193,East Kilbride,S19001495,South Lanarkshire,S12000029,
East Linton,S20001194,East Linton,S19001496,East Lothian,S12000010,
East Wemyss,S20001195,East Wemyss,S19001497,Fife,S12000015,
Eastriggs,S20001196,Eastriggs,S19001500,Dumfries and Galloway,S12000006,
Ecclefechan,S20001197,Ecclefechan,S19001501,Dumfries and Galloway,S12000006,
"Edinburgh, Settlement of (part)",S20001198,Edinburgh,S19001502,City of Edinburgh,S12000036,
"Edinburgh, Settlement of (part)",S20001198,Musselburgh,S19001733,East Lothian,S12000010,
"Edinburgh, Settlement of (part)",S20001198,Wallyford,S19001904,East Lothian,S12000010,
Edzell,S20001199,Edzell,S19001503,Angus,S12000041,
Elgin,S20001200,Elgin,S19001505,Moray,S12000020,
Elie and Earlsferry,S20001201,Elie and Earlsferry,S19001506,Fife,S12000015,
Ellon,S20001202,Ellon,S19001507,Aberdeenshire,S12000034,
Elphinstone,S20001203,Elphinstone,S19001508,East Lothian,S12000010,
Errol,S20001204,Errol,S19001509,Perth and Kinross,S12000024,
"Erskine, Settlement of",S20001205,Erskine,S19001510,Renfrewshire,S12000038,
"Erskine, Settlement of",S20001205,Inchinnan,S19001591,Renfrewshire,S12000038,
Evanton,S20001206,Evanton,S19001511,Highland,S12000017,
Eyemouth,S20001207,Eyemouth,S19001512,Scottish Borders,S12000026,
Fairlie,S20001208,Fairlie,S19001514,North Ayrshire,S12000021,
"Falkirk, Settlement of",S20001209,Brightons,S19001366,Falkirk,S12000014,
"Falkirk, Settlement of",S20001209,Carron,S19001397,Falkirk,S12000014,
"Falkirk, Settlement of",S20001209,Carronshore,S19001398,Falkirk,S12000014,
"Falkirk, Settlement of",S20001209,Falkirk,S19001515,Falkirk,S12000014,
"Falkirk, Settlement of",S20001209,Grangemouth,S19001562,Falkirk,S12000014,
"Falkirk, Settlement of",S20001209,Larbert,S19001655,Falkirk,S12000014,
"Falkirk, Settlement of",S20001209,Laurieston,S19001660,Falkirk,S12000014,
"Falkirk, Settlement of",S20001209,Maddiston,S19001695,Falkirk,S12000014,
"Falkirk, Settlement of",S20001209,Polmont,S19001786,Falkirk,S12000014,
"Falkirk, Settlement of",S20001209,Redding,S19001803,Falkirk,S12000014,
"Falkirk, Settlement of",S20001209,Reddingmuirhead,S19001804,Falkirk,S12000014,
"Falkirk, Settlement of",S20001209,Rumford,S19001818,Falkirk,S12000014,
"Falkirk, Settlement of",S20001209,Stenhousemuir,S19001850,Falkirk,S12000014,
"Falkirk, Settlement of",S20001209,Wallacestone,S19001903,Falkirk,S12000014,
"Falkirk, Settlement of",S20001209,Westquarter,S19001915,Falkirk,S12000014,
Falkland,S20001210,Falkland,S19001516,Fife,S12000015,
Fallin,S20001211,Fallin,S19001517,Stirling,S12000030,
Fauldhouse,S20001212,Fauldhouse,S19001518,West Lothian,S12000040,
Fenwick,S20001213,Fenwick,S19001519,East Ayrshire,S12000008,
Findhorn,S20001214,Findhorn,S19001521,Moray,S12000020,
Findochty,S20001215,Findochty,S19001522,Moray,S12000020,
Finstown,S20001216,Finstown,S19001523,Orkney Islands,S12000023,
Fochabers,S20001217,Fochabers,S19001524,Moray,S12000020,
Forfar,S20001218,Forfar,S19001525,Angus,S12000041,
Forgandenny,S20001219,Forgandenny,S19001526,Perth and Kinross,S12000024,
Forres,S20001220,Forres,S19001527,Moray,S12000020,
Fort Augustus,S20001221,Fort Augustus,S19001528,Highland,S12000017,
"Fort William, Settlement of",S20001222,Banavie and Corpach,S19001324,Highland,S12000017,
"Fort William, Settlement of",S20001222,Caol,S19001386,Highland,S12000017,
"Fort William, Settlement of",S20001222,Fort William,S19001529,Highland,S12000017,
Forth,S20001223,Forth,S19001530,South Lanarkshire,S12000029,
Fortrose,S20001224,Fortrose,S19001531,Highland,S12000017,
Fraserburgh,S20001225,Fraserburgh,S19001532,Aberdeenshire,S12000034,
Freuchie,S20001226,Freuchie,S19001533,Fife,S12000015,
Friockheim,S20001227,Friockheim,S19001534,Angus,S12000041,
Gairloch,S20001228,Gairloch,S19001535,Highland,S12000017,
"Galashiels, Settlement of",S20001229,Galashiels,S19001536,Scottish Borders,S12000026,
"Galashiels, Settlement of",S20001229,Tweedbank,S19001897,Scottish Borders,S12000026,
Galston,S20001230,Galston,S19001537,East Ayrshire,S12000008,
Gardenstown,S20001231,Gardenstown,S19001538,Aberdeenshire,S12000034,
Garelochhead,S20001232,Garelochhead,S19001539,Argyll and Bute,S12000035,
Gargunnock,S20001233,Gargunnock,S19001540,Stirling,S12000030,
Garmouth,S20001234,Garmouth,S19001541,Moray,S12000020,
Gartcosh,S20001235,Gartcosh,S19001542,North Lanarkshire,S12000044,
Gartloch,S20001236,Gartloch,S19001543,Glasgow City,S12000046,
Gatehouse of Fleet,S20001237,Gatehouse of Fleet,S19001544,Dumfries and Galloway,S12000006,
Gauldry,S20001238,Gauldry,S19001545,Fife,S12000015,
Gifford,S20001239,Gifford,S19001547,East Lothian,S12000010,
Girvan,S20001240,Girvan,S19001548,South Ayrshire,S12000028,
Glassford,S20001241,Glassford,S19001550,South Lanarkshire,S12000029,
Glenboig,S20001242,Glenboig,S19001551,North Lanarkshire,S12000044,
Glenfarg,S20001243,Glenfarg,S19001552,Perth and Kinross,S12000024,
Glenluce,S20001244,Glenluce,S19001553,Dumfries and Galloway,S12000006,
Glenmavis,S20001245,Glenmavis,S19001554,North Lanarkshire,S12000044,
"Glenrothes, Settlement of",S20001246,Coaltown of Balgonie,S19001415,Fife,S12000015,
"Glenrothes, Settlement of",S20001246,Glenrothes,S19001556,Fife,S12000015,
"Glenrothes, Settlement of",S20001246,Leslie,S19001665,Fife,S12000015,
"Glenrothes, Settlement of",S20001246,Markinch,S19001697,Fife,S12000015,
"Glenrothes, Settlement of",S20001246,Thornton,S19001881,Fife,S12000015,
Golspie,S20001247,Golspie,S19001557,Highland,S12000017,
Gourdon,S20001248,Gourdon,S19001559,Aberdeenshire,S12000034,
Grantown-on-Spey,S20001249,Grantown-on-Spey,S19001563,Highland,S12000017,
Greater Glasgow (part),S20001250,Bearsden,S19001333,East Dunbartonshire,S12000045,
Greater Glasgow (part),S20001250,Bishopbriggs,S19001341,East Dunbartonshire,S12000045,
Greater Glasgow (part),S20001250,Bowling,S19001356,West Dunbartonshire,S12000039,
Greater Glasgow (part),S20001250,Busby,S19001378,East Renfrewshire,S12000011,
Greater Glasgow (part),S20001250,Cambuslang,S19001384,South Lanarkshire,S12000029,
Greater Glasgow (part),S20001250,Clarkston,S19001410,East Renfrewshire,S12000011,
Greater Glasgow (part),S20001250,Clydebank,S19001412,West Dunbartonshire,S12000039,
Greater Glasgow (part),S20001250,Duntocher and Hardgate,S19001489,West Dunbartonshire,S12000039,
Greater Glasgow (part),S20001250,Elderslie,S19001504,Renfrewshire,S12000038,
Greater Glasgow (part),S20001250,Faifley,S19001513,West Dunbartonshire,S12000039,
Greater Glasgow (part),S20001250,Giffnock,S19001546,East Renfrewshire,S12000011,
Greater Glasgow (part),S20001250,Glasgow (part),S19001549,Glasgow City,S12000046,
Greater Glasgow (part),S20001250,Glasgow (part),S19001549,Renfrewshire,S12000038,
Greater Glasgow (part),S20001250,Johnstone,S19001608,Renfrewshire,S12000038,
Greater Glasgow (part),S20001250,Kilbarchan,S19001614,Renfrewshire,S12000038,
Greater Glasgow (part),S20001250,Linwood,S19001674,Renfrewshire,S12000038,
Greater Glasgow (part),S20001250,Milngavie,S19001713,East Dunbartonshire,S12000045,
Greater Glasgow (part),S20001250,Netherlee,S19001738,East Renfrewshire,S12000011,
Greater Glasgow (part),S20001250,Newton Mearns,S19001755,East Renfrewshire,S12000011,
Greater Glasgow (part),S20001250,Old Kilpatrick,S19001767,West Dunbartonshire,S12000039,
Greater Glasgow (part),S20001250,Paisley,S19001771,Renfrewshire,S12000038,
Greater Glasgow (part),S20001250,Renfrew,S19001805,Renfrewshire,S12000038,
Greater Glasgow (part),S20001250,Rutherglen,S19001819,South Lanarkshire,S12000029,
Greater Glasgow (part),S20001250,Stamperland,S19001848,East Renfrewshire,S12000011,
Greater Glasgow (part),S20001250,Stepps (part),S19001852,Glasgow City,S12000046,
Greater Glasgow (part),S20001250,Stepps (part),S19001852,North Lanarkshire,S12000044,
Greater Glasgow (part),S20001250,Thornliebank,S19001880,East Renfrewshire,S12000011,
Greenlaw,S20001251,Greenlaw,S19001566,Scottish Borders,S12000026,
"Greenock, Settlement of",S20001252,Gourock,S19001560,Inverclyde,S12000018,
"Greenock, Settlement of",S20001252,Greenock,S19001567,Inverclyde,S12000018,
"Greenock, Settlement of",S20001252,Port Glasgow,S19001789,Inverclyde,S12000018,
Gretna,S20001253,Gretna,S19001568,Dumfries and Galloway,S12000006,
Gullane,S20001254,Gullane,S19001570,East Lothian,S12000010,
Haddington,S20001255,Haddington,S19001571,East Lothian,S12000010,
Halkirk,S20001256,Halkirk,S19001573,Highland,S12000017,
Hallglen,S20001257,Hallglen,S19001574,Falkirk,S12000014,
"Hamilton, Settlement of",S20001258,Blantyre,S19001349,South Lanarkshire,S12000029,
"Hamilton, Settlement of",S20001258,Bothwell,S19001355,South Lanarkshire,S12000029,
"Hamilton, Settlement of",S20001258,Hamilton,S19001575,South Lanarkshire,S12000029,
"Hamilton, Settlement of",S20001258,Uddingston,S19001898,South Lanarkshire,S12000029,
"Harthill, Settlement of (part)",S20001259,Eastfield,S19001499,North Lanarkshire,S12000044,
"Harthill, Settlement of (part)",S20001259,Harthill (part),S19001576,North Lanarkshire,S12000044,
"Harthill, Settlement of (part)",S20001259,Harthill (part),S19001576,West Lothian,S12000040,
Hatton of Cruden,S20001260,Hatton of Cruden,S19001577,Aberdeenshire,S12000034,
Hawick,S20001261,Hawick,S19001578,Scottish Borders,S12000026,
"Helensburgh, Settlement of",S20001262,Helensburgh,S19001580,Argyll and Bute,S12000035,
"Helensburgh, Settlement of",S20001262,Rhu,S19001807,Argyll and Bute,S12000035,
High Valleyfield,S20001263,"High Valleyfield, Low Valleyfield and Culross",S19001582,Fife,S12000015,
High Valleyfield,S20001263,Torryburn and Newmills,S19001890,Fife,S12000015,
Hillhead,S20001264,Hillhead,S19001583,South Ayrshire,S12000028,
Hillside,S20001265,Hillside,S19001584,Angus,S12000041,
Hopeman,S20001266,Hopeman,S19001586,Moray,S12000020,
Houston,S20001267,Houston,S19001587,Renfrewshire,S12000038,
Howwood,S20001268,Howwood,S19001588,Renfrewshire,S12000038,
Huntly,S20001269,Huntly,S19001589,Aberdeenshire,S12000034,
Inchture,S20001270,Inchture,S19001592,Perth and Kinross,S12000024,
Innellan,S20001271,Innellan,S19001593,Argyll and Bute,S12000035,
Innerleithen,S20001272,Innerleithen,S19001594,Scottish Borders,S12000026,
Insch,S20001273,Insch,S19001595,Aberdeenshire,S12000034,
Inverallochy and Cairnbulg,S20001274,Inverallochy and Cairnbulg,S19001596,Aberdeenshire,S12000034,
Inveraray,S20001275,Inveraray,S19001597,Argyll and Bute,S12000035,
Inverbervie,S20001276,Inverbervie,S19001598,Aberdeenshire,S12000034,
Invergordon,S20001277,Invergordon,S19001599,Highland,S12000017,
Inverkip,S20001278,Inverkip,S19001602,Inverclyde,S12000018,
Inverness and Culloden,S20001279,Balloch,S19001320,Highland,S12000017,
Inverness and Culloden,S20001279,Culloden,S19001443,Highland,S12000017,
Inverness and Culloden,S20001279,Inverness,S19001603,Highland,S12000017,
Inverness and Culloden,S20001279,Milton of Leys,S19001717,Highland,S12000017,
Inverness and Culloden,S20001279,Smithton,S19001836,Highland,S12000017,
Inverness and Culloden,S20001279,Westhill (Highland),S19001914,Highland,S12000017,
Inverurie,S20001280,Inverurie,S19001604,Aberdeenshire,S12000034,
"Irvine, Settlement of",S20001281,Dreghorn,S19001468,North Ayrshire,S12000021,
"Irvine, Settlement of",S20001281,Irvine,S19001605,North Ayrshire,S12000021,
Jedburgh,S20001282,Jedburgh,S19001606,Scottish Borders,S12000026,
Johnshaven,S20001283,Johnshaven,S19001607,Aberdeenshire,S12000034,
Keith,S20001284,Keith,S19001609,Moray,S12000020,
Kelso,S20001285,Kelso,S19001610,Scottish Borders,S12000026,
Kelty (part),S20001286,Kelty (part),S19001611,Fife,S12000015,
Kelty (part),S20001286,Kelty (part),S19001611,Perth and Kinross,S12000024,
Kemnay,S20001287,Kemnay,S19001612,Aberdeenshire,S12000034,
Kilbirnie,S20001288,Kilbirnie,S19001615,North Ayrshire,S12000021,
Kilcreggan,S20001289,Kilcreggan,S19001616,Argyll and Bute,S12000035,
Killearn,S20001290,Killearn,S19001617,Stirling,S12000030,
Killin,S20001291,Killin,S19001618,Stirling,S12000030,
Kilmacolm,S20001292,Kilmacolm,S19001619,Inverclyde,S12000018,
"Kilmarnock, Settlement of",S20001293,Hurlford and Crookedholm,S19001590,East Ayrshire,S12000008,
"Kilmarnock, Settlement of",S20001293,Kilmarnock,S19001620,East Ayrshire,S12000008,
Kilmaurs,S20001294,Kilmaurs,S19001621,East Ayrshire,S12000008,
Kilsyth,S20001295,Kilsyth,S19001622,North Lanarkshire,S12000044,
Kilwinning,S20001296,Kilwinning,S19001623,North Ayrshire,S12000021,
Kincardine,S20001297,Kincardine,S19001624,Fife,S12000015,
Kinghorn,S20001298,Kinghorn,S19001625,Fife,S12000015,
Kinglassie,S20001299,Kinglassie,S19001626,Fife,S12000015,
Kingseat (Aberdeenshire),S20001300,Kingseat (Aberdeenshire),S19001627,Aberdeenshire,S12000034,
Kingseat (Fife),S20001301,Kingseat (Fife),S19001628,Fife,S12000015,
Kingskettle and Kettlebridge,S20001302,Kingskettle and Kettlebridge,S19001629,Fife,S12000015,
Kingswells,S20001303,Kingswells,S19001630,Aberdeen City,S12000033,
Kingussie,S20001304,Kingussie,S19001631,Highland,S12000017,
Kinlochleven,S20001305,Kinlochleven,S19001632,Highland,S12000017,
Kinloss,S20001306,Kinloss,S19001633,Moray,S12000020,
Kinnesswood,S20001307,Kinnesswood,S19001634,Perth and Kinross,S12000024,
Kinross,S20001308,Kinross,S19001635,Perth and Kinross,S12000024,
Kintore,S20001309,Kintore,S19001636,Aberdeenshire,S12000034,
Kippen,S20001310,Kippen,S19001637,Stirling,S12000030,
Kirkcaldy and Dysart,S20001311,Kirkcaldy and Dysart,S19001638,Fife,S12000015,
Kirkconnel,S20001312,Kirkconnel,S19001639,Dumfries and Galloway,S12000006,
Kirkcudbright,S20001313,Kirkcudbright,S19001640,Dumfries and Galloway,S12000006,
Kirkfieldbank,S20001314,Kirkfieldbank,S19001641,South Lanarkshire,S12000029,
Kirkhill,S20001315,Kirkhill,S19001642,Highland,S12000017,
"Kirkintilloch, Settlement of",S20001316,Kirkintilloch,S19001643,East Dunbartonshire,S12000045,
"Kirkintilloch, Settlement of",S20001316,Lenzie,S19001663,East Dunbartonshire,S12000045,
Kirkliston,S20001317,Kirkliston,S19001644,City of Edinburgh,S12000036,
Kirkmuirhill and Blackwood,S20001318,Kirkmuirhill and Blackwood,S19001645,South Lanarkshire,S12000029,
Kirknewton,S20001319,Kirknewton,S19001646,West Lothian,S12000040,
Kirkwall,S20001320,Kirkwall,S19001647,Orkney Islands,S12000023,
Kirriemuir,S20001321,Kirriemuir,S19001648,Angus,S12000041,
Kyle of Lochalsh,S20001322,Kyle of Lochalsh,S19001649,Highland,S12000017,
Ladybank,S20001323,Ladybank,S19001650,Fife,S12000015,
Lamlash,S20001324,Lamlash,S19001651,North Ayrshire,S12000021,
Lanark,S20001325,Lanark,S19001652,South Lanarkshire,S12000029,
Langbank,S20001326,Langbank,S19001653,Renfrewshire,S12000038,
Langholm,S20001327,Langholm,S19001654,Dumfries and Galloway,S12000006,
Largs,S20001328,Largs,S19001656,North Ayrshire,S12000021,
"Larkhall, Settlement of",S20001329,Ashgill,S19001302,South Lanarkshire,S12000029,
"Larkhall, Settlement of",S20001329,Larkhall,S19001657,South Lanarkshire,S12000029,
Lauder,S20001330,Lauder,S19001658,Scottish Borders,S12000026,
Laurencekirk,S20001331,Laurencekirk,S19001659,Aberdeenshire,S12000034,
Law,S20001332,Law,S19001661,South Lanarkshire,S12000029,
Lennoxtown,S20001333,Lennoxtown,S19001662,East Dunbartonshire,S12000045,
Lerwick,S20001334,Lerwick,S19001664,Shetland Islands,S12000027,
Lesmahagow,S20001335,Lesmahagow,S19001666,South Lanarkshire,S12000029,
Letham,S20001336,Letham,S19001667,Angus,S12000041,
Leuchars and Guardbridge,S20001337,Guardbridge,S19001569,Fife,S12000015,
Leuchars and Guardbridge,S20001337,Leuchars,S19001668,Fife,S12000015,
Lhanbryde,S20001338,Lhanbryde,S19001670,Moray,S12000020,
Liff (part),S20001339,Liff (part),S19001671,Angus,S12000041,
Liff (part),S20001339,Liff (part),S19001671,Dundee City,S12000042,
Limekilns and Charlestown,S20001340,Limekilns and Charlestown,S19001672,Fife,S12000015,
Linlithgow,S20001341,Linlithgow,S19001673,West Lothian,S12000040,
"Livingston, Settlement of",S20001342,Livingston,S19001675,West Lothian,S12000040,
"Livingston, Settlement of",S20001342,Mid Calder,S19001709,West Lothian,S12000040,
"Livingston, Settlement of",S20001342,Polbeth,S19001785,West Lothian,S12000040,
"Livingston, Settlement of",S20001342,West Calder,S19001910,West Lothian,S12000040,
Loanhead and Bilston,S20001343,Bilston,S19001339,Midlothian,S12000019,
Loanhead and Bilston,S20001343,Loanhead,S19001676,Midlothian,S12000019,
Loans,S20001344,Loans,S19001677,South Ayrshire,S12000028,
Locharbriggs,S20001345,Locharbriggs,S19001678,Dumfries and Galloway,S12000006,
Lochgilphead,S20001346,Lochgilphead,S19001680,Argyll and Bute,S12000035,
Lochmaben,S20001347,Lochmaben,S19001681,Dumfries and Galloway,S12000006,
Lochwinnoch,S20001348,Lochwinnoch,S19001682,Renfrewshire,S12000038,
Lockerbie,S20001349,Lockerbie,S19001683,Dumfries and Galloway,S12000006,
Logan,S20001350,Logan,S19001684,East Ayrshire,S12000008,
Longforgan,S20001351,Longforgan,S19001685,Perth and Kinross,S12000024,
Longniddry,S20001352,Longniddry,S19001686,East Lothian,S12000010,
Longridge,S20001353,Longridge,S19001687,West Lothian,S12000040,
Longside,S20001354,Longside,S19001688,Aberdeenshire,S12000034,
Lossiemouth,S20001355,Lossiemouth,S19001689,Moray,S12000020,
Lower Largo and Lundin Links,S20001356,Lower Largo and Lundin Links,S19001690,Fife,S12000015,
Lumphanan,S20001357,Lumphanan,S19001691,Aberdeenshire,S12000034,
Luncarty,S20001358,Luncarty,S19001692,Perth and Kinross,S12000024,
Macduff,S20001359,Macduff,S19001693,Aberdeenshire,S12000034,
Macmerry,S20001360,Macmerry,S19001694,East Lothian,S12000010,
Mallaig,S20001361,Mallaig,S19001696,Highland,S12000017,
Marywell,S20001362,Marywell,S19001699,Aberdeenshire,S12000034,
Mauchline,S20001363,Mauchline,S19001700,East Ayrshire,S12000008,
Maud,S20001364,Maud,S19001701,Aberdeenshire,S12000034,
Maybole,S20001365,Maybole,S19001702,South Ayrshire,S12000028,
Melrose,S20001366,Melrose,S19001704,Scottish Borders,S12000026,
Menstrie,S20001367,Menstrie,S19001705,Clackmannanshire,S12000005,
"Methil, Leven and Buckhaven",S20001368,Buckhaven,S19001373,Fife,S12000015,
"Methil, Leven and Buckhaven",S20001368,Kennoway,S19001613,Fife,S12000015,
"Methil, Leven and Buckhaven",S20001368,Leven,S19001669,Fife,S12000015,
"Methil, Leven and Buckhaven",S20001368,Methil,S19001706,Fife,S12000015,
"Methil, Leven and Buckhaven",S20001368,Windygates,S19001925,Fife,S12000015,
Methlick,S20001369,Methlick,S19001707,Aberdeenshire,S12000034,
Methven,S20001370,Methven,S19001708,Perth and Kinross,S12000024,
Millport,S20001371,Millport,S19001710,North Ayrshire,S12000021,
Milnathort,S20001372,Milnathort,S19001712,Perth and Kinross,S12000024,
Milton and Kildary,S20001373,Milton and Kildary,S19001715,Highland,S12000017,
Milton of Campsie,S20001374,Milton of Campsie,S19001716,East Dunbartonshire,S12000045,
Mintlaw,S20001375,Mintlaw,S19001718,Aberdeenshire,S12000034,
Moffat,S20001376,Moffat,S19001719,Dumfries and Galloway,S12000006,
Moniaive,S20001377,Moniaive,S19001720,Dumfries and Galloway,S12000006,
"Montrose, Settlement of",S20001378,Ferryden and Inchbraoch,S19001520,Angus,S12000041,
"Montrose, Settlement of",S20001378,Montrose,S19001723,Angus,S12000041,
Moodiesburn,S20001379,Moodiesburn,S19001724,North Lanarkshire,S12000044,
Morningside,S20001380,Morningside,S19001725,North Lanarkshire,S12000044,
Mossblown,S20001381,Mossblown,S19001726,South Ayrshire,S12000028,
Mosstodloch,S20001382,Mosstodloch,S19001727,Moray,S12000020,
Motherwell and Wishaw,S20001383,Bellshill,S19001337,North Lanarkshire,S12000044,
Motherwell and Wishaw,S20001383,Carfin,S19001390,North Lanarkshire,S12000044,
Motherwell and Wishaw,S20001383,Holytown,S19001585,North Lanarkshire,S12000044,
Motherwell and Wishaw,S20001383,Motherwell,S19001728,North Lanarkshire,S12000044,
Motherwell and Wishaw,S20001383,New Stevenston,S19001743,North Lanarkshire,S12000044,
Motherwell and Wishaw,S20001383,Newarthill,S19001744,North Lanarkshire,S12000044,
Motherwell and Wishaw,S20001383,Newmains,S19001751,North Lanarkshire,S12000044,
Motherwell and Wishaw,S20001383,Viewpark,S19001901,North Lanarkshire,S12000044,
Motherwell and Wishaw,S20001383,Wishaw,S19001926,North Lanarkshire,S12000044,
Muir of Ord,S20001384,Muir of Ord,S19001729,Highland,S12000017,
Muirkirk,S20001385,Muirkirk,S19001731,East Ayrshire,S12000008,
Murthly,S20001386,Murthly,S19001732,Perth and Kinross,S12000024,
Muthill,S20001387,Muthill,S19001734,Perth and Kinross,S12000024,
Nairn,S20001388,Nairn,S19001735,Highland,S12000017,
Neilston,S20001389,Neilston,S19001736,East Renfrewshire,S12000011,
Netherburn,S20001390,Netherburn,S19001737,South Lanarkshire,S12000029,
Nethy Bridge,S20001391,Nethy Bridge,S19001739,Highland,S12000017,
New Cumnock,S20001392,New Cumnock,S19001740,East Ayrshire,S12000008,
New Deer,S20001393,New Deer,S19001741,Aberdeenshire,S12000034,
New Pitsligo,S20001394,New Pitsligo,S19001742,Aberdeenshire,S12000034,
Newbridge and Ratho Station,S20001395,Newbridge and Ratho Station,S19001746,City of Edinburgh,S12000036,
Newburgh (Aberdeenshire),S20001396,Newburgh (Aberdeenshire),S19001747,Aberdeenshire,S12000034,
Newburgh (Fife),S20001397,Newburgh (Fife),S19001748,Fife,S12000015,
Newcastleton,S20001398,Newcastleton,S19001749,Scottish Borders,S12000026,
Newmachar,S20001399,Newmachar,S19001750,Aberdeenshire,S12000034,
Newmilns,S20001400,Newmilns,S19001753,East Ayrshire,S12000008,
Newport-on-Tay and Wormit,S20001401,Newport-on-Tay and Wormit,S19001754,Fife,S12000015,
Newton Stewart,S20001402,Newton Stewart,S19001756,Dumfries and Galloway,S12000006,
Newtonhill,S20001403,Newtonhill,S19001757,Aberdeenshire,S12000034,
Newtonmore,S20001404,Newtonmore,S19001758,Highland,S12000017,
Newtown St Boswells,S20001405,Newtown St Boswells,S19001759,Scottish Borders,S12000026,
Newtyle,S20001406,Newtyle,S19001760,Angus,S12000041,
North Berwick,S20001407,North Berwick,S19001761,East Lothian,S12000010,
North Kessock,S20001408,North Kessock,S19001762,Highland,S12000017,
North Queensferry,S20001409,North Queensferry,S19001763,Fife,S12000015,
"Oakley, Carnock and Comrie",S20001410,Carnock,S19001394,Fife,S12000015,
"Oakley, Carnock and Comrie",S20001410,Comrie (Fife),S19001421,Fife,S12000015,
"Oakley, Carnock and Comrie",S20001410,Oakley,S19001764,Fife,S12000015,
Oban,S20001411,Oban,S19001765,Argyll and Bute,S12000035,
Ochiltree,S20001412,Ochiltree,S19001766,East Ayrshire,S12000008,
Oldmeldrum,S20001413,Oldmeldrum,S19001768,Aberdeenshire,S12000034,
Ormiston,S20001414,Ormiston,S19001769,East Lothian,S12000010,
"Overtown, Settlement of",S20001415,Gowkthrapple,S19001561,North Lanarkshire,S12000044,
"Overtown, Settlement of",S20001415,Overtown,S19001770,North Lanarkshire,S12000044,
Pathhead,S20001416,Pathhead,S19001772,Midlothian,S12000019,
Patna,S20001417,Patna,S19001773,East Ayrshire,S12000008,
Peebles,S20001418,Peebles,S19001774,Scottish Borders,S12000026,
Pencaitland,S20001419,Pencaitland,S19001775,East Lothian,S12000010,
Penicuik,S20001420,Penicuik,S19001776,Midlothian,S12000019,
Perth,S20001421,Perth,S19001777,Perth and Kinross,S12000024,
"Peterculter, Settlement of",S20001422,Milltimber,S19001711,Aberdeen City,S12000033,
"Peterculter, Settlement of",S20001422,Peterculter,S19001778,Aberdeen City,S12000033,
Peterhead,S20001423,Peterhead,S19001779,Aberdeenshire,S12000034,
Pitlochry,S20001424,Pitlochry,S19001780,Perth and Kinross,S12000024,
Pitmedden,S20001425,Pitmedden,S19001781,Aberdeenshire,S12000034,
Plains,S20001426,Plains,S19001783,North Lanarkshire,S12000044,
Plean,S20001427,Plean,S19001784,Stirling,S12000030,
Port Bannatyne,S20001428,Port Bannatyne,S19001787,Argyll and Bute,S12000035,
Port Ellen,S20001429,Port Ellen,S19001788,Argyll and Bute,S12000035,
Portgordon,S20001430,Portgordon,S19001790,Moray,S12000020,
Portknockie,S20001431,Portknockie,S19001791,Moray,S12000020,
Portlethen,S20001432,Portlethen,S19001792,Aberdeenshire,S12000034,
Portpatrick,S20001433,Portpatrick,S19001793,Dumfries and Galloway,S12000006,
Portree,S20001434,Portree,S19001794,Highland,S12000017,
Portsoy,S20001435,Portsoy,S19001795,Aberdeenshire,S12000034,
Potterton,S20001436,Potterton,S19001796,Aberdeenshire,S12000034,
Prestonpans,S20001437,Prestonpans,S19001797,East Lothian,S12000010,
Quarrier's Village,S20001438,Quarrier's Village,S19001799,Inverclyde,S12000018,
Quarter,S20001439,Quarter,S19001800,South Lanarkshire,S12000029,
Queenzieburn,S20001440,Queenzieburn,S19001801,North Lanarkshire,S12000044,
Ratho,S20001441,Ratho,S19001802,City of Edinburgh,S12000036,
Rigside,S20001442,Rigside,S19001808,South Lanarkshire,S12000029,
Rosehearty,S20001443,Rosehearty,S19001809,Aberdeenshire,S12000034,
Rosemarkie,S20001444,Rosemarkie,S19001810,Highland,S12000017,
Rosewell,S20001445,Rosewell,S19001811,Midlothian,S12000019,
Roslin,S20001446,Roslin,S19001812,Midlothian,S12000019,
Rosneath,S20001447,Rosneath,S19001813,Argyll and Bute,S12000035,
Rothes,S20001448,Rothes,S19001815,Moray,S12000020,
Rothesay,S20001449,Rothesay,S19001816,Argyll and Bute,S12000035,
Rothienorman,S20001450,Rothienorman,S19001817,Aberdeenshire,S12000034,
Saline,S20001451,Saline,S19001820,Fife,S12000015,
Salsburgh,S20001452,Salsburgh,S19001821,North Lanarkshire,S12000044,
"Saltcoats, Settlement of",S20001453,Ardrossan,S19001300,North Ayrshire,S12000021,
"Saltcoats, Settlement of",S20001453,Saltcoats,S19001822,North Ayrshire,S12000021,
"Saltcoats, Settlement of",S20001453,Stevenston,S19001853,North Ayrshire,S12000021,
Sandhaven,S20001454,Sandhaven,S19001824,Aberdeenshire,S12000034,
Sanquhar,S20001455,Sanquhar,S19001826,Dumfries and Galloway,S12000006,
Scalloway,S20001456,Scalloway,S19001828,Shetland Islands,S12000027,
Scone,S20001457,Scone,S19001829,Perth and Kinross,S12000024,
Seafield,S20001458,Seafield,S19001830,West Lothian,S12000040,
Selkirk,S20001459,Selkirk,S19001831,Scottish Borders,S12000026,
Shieldhill,S20001460,Shieldhill,S19001832,Falkirk,S12000014,
Shotts,S20001461,Shotts,S19001833,North Lanarkshire,S12000044,
Slamannan,S20001462,Slamannan,S19001835,Falkirk,S12000014,
South Queensferry,S20001463,South Queensferry,S19001837,City of Edinburgh,S12000036,
Spean Bridge,S20001464,Spean Bridge,S19001838,Highland,S12000017,
Springfield,S20001465,Springfield,S19001839,Fife,S12000015,
Springside,S20001466,Springside,S19001840,North Ayrshire,S12000021,
St Andrews,S20001467,St Andrews,S19001841,Fife,S12000015,
St Boswells,S20001468,St Boswells,S19001842,Scottish Borders,S12000026,
St Combs,S20001469,St Combs,S19001843,Aberdeenshire,S12000034,
St Cyrus,S20001470,St Cyrus,S19001844,Aberdeenshire,S12000034,
St Fergus,S20001471,St Fergus,S19001845,Aberdeenshire,S12000034,
St Madoes and Glencarse,S20001472,St Madoes and Glencarse,S19001846,Perth and Kinross,S12000024,
St Monans,S20001473,St Monans,S19001847,Fife,S12000015,
Stanley,S20001474,Stanley,S19001849,Perth and Kinross,S12000024,
"Steornabhagh (Stornoway), Settlement of",S20001475,"Newmarket, Lacasdal and Bruach Mairi (Newmarket, Laxdale and Marybank)",S19001752,Na h-Eileanan Siar,S12000013,
"Steornabhagh (Stornoway), Settlement of",S20001475,Sanndabhaig (Sandwick),S19001825,Na h-Eileanan Siar,S12000013,
"Steornabhagh (Stornoway), Settlement of",S20001475,Steornabhagh (Stornoway),S19001851,Na h-Eileanan Siar,S12000013,
Stewarton,S20001476,Stewarton,S19001854,East Ayrshire,S12000008,
"Stirling, Settlement of",S20001477,Bannockburn,S19001329,Stirling,S12000030,
"Stirling, Settlement of",S20001477,Bridge of Allan,S19001362,Stirling,S12000030,
"Stirling, Settlement of",S20001477,Stirling,S19001855,Stirling,S12000030,
Stonehaven,S20001478,Stonehaven,S19001856,Aberdeenshire,S12000034,
Stonehouse,S20001479,Stonehouse,S19001857,South Lanarkshire,S12000029,
"Stoneyburn, Settlement of",S20001480,Addiewell,S19001282,West Lothian,S12000040,
"Stoneyburn, Settlement of",S20001480,Stoneyburn,S19001858,West Lothian,S12000040,
Stow,S20001481,Stow,S19001859,Scottish Borders,S12000026,
Stranraer,S20001482,Stranraer,S19001860,Dumfries and Galloway,S12000006,
Strathaven,S20001483,Strathaven,S19001861,South Lanarkshire,S12000029,
Strathblane,S20001484,Strathblane,S19001862,Stirling,S12000030,
Strathkinness,S20001485,Strathkinness,S19001863,Fife,S12000015,
Strathmiglo,S20001486,Strathmiglo,S19001864,Fife,S12000015,
Strathpeffer,S20001487,Strathpeffer,S19001865,Highland,S12000017,
Strichen,S20001488,Strichen,S19001866,Aberdeenshire,S12000034,
Stromness,S20001489,Stromness,S19001867,Orkney Islands,S12000023,
Stuartfield,S20001490,Stuartfield,S19001868,Aberdeenshire,S12000034,
Symington (South Ayrshire),S20001491,Symington (South Ayrshire),S19001869,South Ayrshire,S12000028,
Symington (South Lanarkshire),S20001492,Symington (South Lanarkshire),S19001870,South Lanarkshire,S12000029,
Tain,S20001493,Tain,S19001871,Highland,S12000017,
Tarbert,S20001494,Tarbert,S19001872,Argyll and Bute,S12000035,
Tarbolton,S20001495,Tarbolton,S19001873,South Ayrshire,S12000028,
Tarland,S20001496,Tarland,S19001874,Aberdeenshire,S12000034,
Tarves,S20001497,Tarves,S19001875,Aberdeenshire,S12000034,
Tayport,S20001498,Tayport,S19001876,Fife,S12000015,
Thankerton,S20001499,Thankerton,S19001877,South Lanarkshire,S12000029,
Thornhill (Dumfries and Galloway),S20001500,Thornhill (Dumfries and Galloway),S19001878,Dumfries and Galloway,S12000006,
Thornhill (Stirling),S20001501,Thornhill (Stirling),S19001879,Stirling,S12000030,
Thorntonhall,S20001502,Thorntonhall,S19001882,South Lanarkshire,S12000029,
Thurso,S20001503,Thurso,S19001883,Highland,S12000017,
Tighnabruaich,S20001504,Tighnabruaich,S19001884,Argyll and Bute,S12000035,
"Tillicoultry, Settlement of",S20001505,Coalsnaughton,S19001414,Clackmannanshire,S12000005,
"Tillicoultry, Settlement of",S20001505,Tillicoultry,S19001885,Clackmannanshire,S12000005,
Tobermory,S20001506,Tobermory,S19001886,Argyll and Bute,S12000035,
Torphichen,S20001507,Torphichen,S19001887,West Lothian,S12000040,
Torphins,S20001508,Torphins,S19001888,Aberdeenshire,S12000034,
Torrance,S20001509,Torrance,S19001889,East Dunbartonshire,S12000045,
Townhill,S20001510,Townhill,S19001891,Fife,S12000015,
Tranent,S20001511,Tranent,S19001892,East Lothian,S12000010,
Troon,S20001512,Troon,S19001893,South Ayrshire,S12000028,
"Tullibody, Settlement of",S20001513,Glenochil Village,S19001555,Clackmannanshire,S12000005,
"Tullibody, Settlement of",S20001513,Tullibody,S19001894,Clackmannanshire,S12000005,
Turriff,S20001514,Turriff,S19001895,Aberdeenshire,S12000034,
Twechar,S20001515,Twechar,S19001896,East Dunbartonshire,S12000045,
Ullapool,S20001516,Ullapool,S19001899,Highland,S12000017,
Uplawmoor,S20001517,Uplawmoor,S19001900,East Renfrewshire,S12000011,
Vale of Leven,S20001518,Alexandria,S19001285,West Dunbartonshire,S12000039,
Vale of Leven,S20001518,Balloch and Haldane,S19001321,West Dunbartonshire,S12000039,
Vale of Leven,S20001518,Bonhill,S19001352,West Dunbartonshire,S12000039,
Vale of Leven,S20001518,Renton,S19001806,West Dunbartonshire,S12000039,
Walkerburn,S20001519,Walkerburn,S19001902,Scottish Borders,S12000026,
Waterfoot,S20001520,Waterfoot,S19001905,East Renfrewshire,S12000011,
Wattston and Greengairs,S20001521,Greengairs,S19001564,North Lanarkshire,S12000044,
Wattston and Greengairs,S20001521,Wattston,S19001906,North Lanarkshire,S12000044,
Wellbank,S20001522,Wellbank,S19001907,Angus,S12000041,
"Wemyss Bay, Settlement of (part)",S20001523,Skelmorlie,S19001834,North Ayrshire,S12000021,
"Wemyss Bay, Settlement of (part)",S20001523,Wemyss Bay,S19001908,Inverclyde,S12000018,
West Barns,S20001524,West Barns,S19001909,East Lothian,S12000010,
West Kilbride,S20001525,West Kilbride,S19001911,North Ayrshire,S12000021,
West Linton,S20001526,West Linton,S19001912,Scottish Borders,S12000026,
Westhill (Aberdeenshire),S20001527,Westhill (Aberdeenshire),S19001913,Aberdeenshire,S12000034,
"Whitburn, Settlement of",S20001528,East Whitburn,S19001498,West Lothian,S12000040,
"Whitburn, Settlement of",S20001528,Whitburn,S19001916,West Lothian,S12000040,
Whitecraig,S20001529,Whitecraig,S19001917,East Lothian,S12000010,
Whitecross,S20001530,Whitecross,S19001918,Falkirk,S12000014,
Whitehills,S20001531,Whitehills,S19001919,Aberdeenshire,S12000034,
Whithorn,S20001532,Whithorn,S19001920,Dumfries and Galloway,S12000006,
Whiting Bay,S20001533,Whiting Bay,S19001921,North Ayrshire,S12000021,
Wick,S20001534,Wick,S19001922,Highland,S12000017,
Wigtown,S20001535,Wigtown,S19001923,Dumfries and Galloway,S12000006,
Winchburgh,S20001536,Winchburgh,S19001924,West Lothian,S12000040,
Yetholm,S20001537,Yetholm,S19001927,Scottish Borders,S12000026,
,,,,,,
Footnotes,,,,,,
1) Settlements and localities which cross Council area boundaries have been split into parts.,,,,,,
2) Where the locality within a settlement is not co-incidental but shares a name then the settlement has been explicitly identified,,,,,,
,,,,,,
ï¿½ Crown Copyright 2018,,,,,,